{"name":"Pandemic","created":"2015-08-12T22:10:25.894000","settings":{"physics":{"gravity":[0,-9.8,0]},"render":{"fog_end":1000,"fog_start":1,"skyboxIntensity":1,"global_ambient":[0.2,0.2,0.2],"tonemapping":0,"fog_color":[0,0,0],"skyboxMip":0,"fog":"none","skybox":2398665,"gamma_correction":1,"fog_density":0.01,"exposure":1}},"entities":{"53b0de20-3243-11e5-80b4-22000ac52f27":{"scale":[1,1,1],"name":"Root","parent":null,"resource_id":"53b0de20-3243-11e5-80b4-22000ac52f27","labels":[],"enabled":true,"components":{"script":{"enabled":true,"scripts":[{"url":"spawn.js"}]}},"position":[0,0,0],"rotation":[0,0,0],"children":["53b5741c-3243-11e5-80b4-22000ac52f27","53ba685a-3243-11e5-80b4-22000ac52f27","cccd17eb-9094-460d-beae-565ffd54f07b","4a3c834e-55fc-4374-b4e9-f7d40f9eaa98","e40b650d-ee46-46f2-aa98-ac542098f899"],"template":null},"e40b650d-ee46-46f2-aa98-ac542098f899":{"scale":[1,1,1],"name":"Jill","parent":"53b0de20-3243-11e5-80b4-22000ac52f27","resource_id":"e40b650d-ee46-46f2-aa98-ac542098f899","enabled":true,"components":{"model":{"materialAsset":null,"receiveShadows":true,"enabled":true,"castShadows":false,"asset":2400658,"type":"asset"},"animation":{"speed":1,"activate":false,"enabled":false,"assets":[2400706,2400732,2400721,2401095],"loop":true},"script":{"enabled":true,"scripts":[{"url":"Force.js","attributes":{},"name":"Force","attributesOrder":[]}]}},"position":[10000,10000,10000],"rotation":[0,0,0],"children":[]},"53b5741c-3243-11e5-80b4-22000ac52f27":{"scale":[1,1,1],"name":"Camera","parent":"53b0de20-3243-11e5-80b4-22000ac52f27","resource_id":"53b5741c-3243-11e5-80b4-22000ac52f27","labels":[],"enabled":true,"components":{"camera":{"orthoHeight":100,"fov":45,"clearDepthBuffer":true,"projection":0,"clearColor":[0.847,0.847,0.847,1],"enabled":true,"priority":0,"farClip":1000,"nearClip":0.3,"clearColorBuffer":true,"rect":[0,0,1,1]},"script":{"enabled":true,"scripts":[{"url":"orbit3d.js"}]}},"position":[16.00448226928711,33.00896072387695,92.69853973388672],"rotation":[-17.76150131225586,8.058518409729004,1.4979742445575539e-05],"children":[],"template":null},"53ba685a-3243-11e5-80b4-22000ac52f27":{"scale":[1,1,1],"name":"DirectionalLight","parent":"53b0de20-3243-11e5-80b4-22000ac52f27","resource_id":"53ba685a-3243-11e5-80b4-22000ac52f27","labels":[],"enabled":true,"components":{"light":{"normalOffsetBias":0,"color":[1,1,1],"type":"directional","shadowResolution":1024,"outerConeAngle":45,"enabled":true,"range":10,"castShadows":false,"intensity":1,"innerConeAngle":40,"shadowBias":0.05,"shadowDistance":40,"falloffMode":0}},"position":[0,10,0],"rotation":[45,45,0],"children":[],"template":null},"4a3c834e-55fc-4374-b4e9-f7d40f9eaa98":{"scale":[1,1,1],"name":"Comm","parent":"53b0de20-3243-11e5-80b4-22000ac52f27","resource_id":"4a3c834e-55fc-4374-b4e9-f7d40f9eaa98","enabled":true,"components":{"animation":{"speed":1,"activate":true,"enabled":true,"assets":[2394651],"loop":true},"script":{"enabled":true,"scripts":[{"url":"ajax.js"}]}},"position":[0,0,0],"rotation":[0,0,0],"children":[]},"cccd17eb-9094-460d-beae-565ffd54f07b":{"scale":[200,1,100],"name":"Floor","parent":"53b0de20-3243-11e5-80b4-22000ac52f27","resource_id":"cccd17eb-9094-460d-beae-565ffd54f07b","enabled":true,"components":{"rigidbody":{"linearDamping":0,"enabled":true,"friction":0.5,"mass":1,"angularDamping":0,"linearFactor":[1,1,1],"type":"static","angularFactor":[1,1,1],"restitution":0.5},"collision":{"enabled":true,"halfExtents":[100,0.5,50],"height":2,"radius":0.5,"asset":null,"type":"box","axis":1},"model":{"materialAsset":2399015,"receiveShadows":true,"enabled":true,"castShadows":false,"asset":null,"type":"box"}},"position":[11.289542198181152,-0.5,16.471050262451172],"rotation":[0,0,0],"children":[]}},"id":380933}