{"model":{"version":2,"nodes":[{"name":"RootNode","position":[0,0,0],"rotation":[0,0,0],"scale":[1,1,1]},{"name":"Hips","position":[0,0.933565,0],"rotation":[0,0,0],"scale":[0.01,0.01,0.01]},{"name":"LeftUpLeg","position":[9.6338,-0.2503,0],"rotation":[0,0,0],"scale":[1,1,1]},{"name":"LeftLeg","position":[0,-40.4779,-1.7131],"rotation":[0,0,0],"scale":[1,1,1]},{"name":"LeftFoot","position":[0.0126,-40.4416,-0.8645],"rotation":[0,0,0],"scale":[1,1,1]},{"name":"LeftToeBase","position":[-0.1833,-12.1867,8.2823],"rotation":[0,0,0],"scale":[1,1,1]},{"name":"LeftFootToeBase_End","position":[0,0,9.1561],"rotation":[0,0,0],"scale":[1,1,1]},{"name":"RightUpLeg","position":[-9.6338,-0.2503,0],"rotation":[0,0,0],"scale":[1,1,1]},{"name":"RightLeg","position":[0,-40.478,-1.7131],"rotation":[0,0,0],"scale":[1,1,1]},{"name":"RightFoot","position":[-0.0126,-40.4414,-0.8645],"rotation":[0,0,0],"scale":[1,1,1]},{"name":"RightToeBase","position":[0.1833,-12.1867,8.2823],"rotation":[0,0,0],"scale":[1,1,1]},{"name":"RightFootToeBase_End","position":[0.0032,0,9.156],"rotation":[0,0,0],"scale":[1,1,1]},{"name":"Spine","position":[0,5.6091,-1.8966],"rotation":[0,0,0],"scale":[1,1,1]},{"name":"Spine1","position":[0,6.5635,1.0993],"rotation":[0,0,0],"scale":[1,1,1]},{"name":"Spine2","position":[0,7.5766,1.043],"rotation":[0,0,0],"scale":[1,1,1]},{"name":"Spine3","position":[0,8.2921,0.3997],"rotation":[0,0,0],"scale":[1,1,1]},{"name":"Spine4","position":[0,8.9581,-0.5263],"rotation":[0,0,0],"scale":[1,1,1]},{"name":"Neck","position":[0,18.4163,-4.3542],"rotation":[0,0,0],"scale":[1,1,1]},{"name":"Head","position":[0,8.9713,1.7854],"rotation":[0,0,0],"scale":[1,1,1]},{"name":"HeadTop_End","position":[0,19.3737,0.9714],"rotation":[0,0,0],"scale":[1,1,1]},{"name":"LeftEye","position":[3.0551,8.3035,9.0368],"rotation":[0,0,0],"scale":[1,1,1]},{"name":"RightEye","position":[-3.0551,8.3035,9.0368],"rotation":[0,0,0],"scale":[1,1,1]},{"name":"Jaw","position":[0,1.8649,3.5756],"rotation":[0,0,0],"scale":[1,1,1]},{"name":"JawEND","position":[0,-1.1021,8.5061],"rotation":[0,0,0],"scale":[1,1,1]},{"name":"LeftLipCorner","position":[3.3008,0.4669,6.7688],"rotation":[0,0,0],"scale":[1,1,1]},{"name":"LeftLipLower","position":[1.0333,-0.634,8.2801],"rotation":[0,0,0],"scale":[1,1,1]},{"name":"TongueTip","position":[0,-0.5204,7.1307],"rotation":[0,0,0],"scale":[1,1,1]},{"name":"TongueBack","position":[0,-0.0858,5.2466],"rotation":[0,0,0],"scale":[1,1,1]},{"name":"RightLipCorner","position":[-3.3012,0.4724,6.7693],"rotation":[0,0,0],"scale":[1,1,1]},{"name":"RightLipLower","position":[-1.0333,-0.6338,8.28],"rotation":[0,0,0],"scale":[1,1,1]},{"name":"LeftLipUpper","position":[1.1096,2.4171,12.4195],"rotation":[0,0,0],"scale":[1,1,1]},{"name":"LeftNostril","position":[1.4232,4.836,11.8063],"rotation":[0,0,0],"scale":[1,1,1]},{"name":"LeftCheek","position":[4.0385,5.7801,9.971],"rotation":[0,0,0],"scale":[1,1,1]},{"name":"LeftEyelidLower","position":[3.2261,7.404,10.5511],"rotation":[0,0,0],"scale":[1,1,1]},{"name":"LeftEyelidUpper","position":[3.2261,8.7476,10.7976],"rotation":[0,0,0],"scale":[1,1,1]},{"name":"LeftInnerBrow","position":[1.7097,10.3617,11.7806],"rotation":[0,0,0],"scale":[1,1,1]},{"name":"LeftIOuterBrow","position":[4.6989,10.2161,10.0249],"rotation":[0,0,0],"scale":[1,1,1]},{"name":"RightInnerBrow","position":[-1.7097,10.362,11.7806],"rotation":[0,0,0],"scale":[1,1,1]},{"name":"RightIOuterBrow","position":[-4.6989,10.2159,10.0249],"rotation":[0,0,0],"scale":[1,1,1]},{"name":"RightEyelidUpper","position":[-3.2261,8.7473,10.7976],"rotation":[0,0,0],"scale":[1,1,1]},{"name":"RightEyelidLower","position":[-3.2261,7.4043,10.5511],"rotation":[0,0,0],"scale":[1,1,1]},{"name":"RightCheek","position":[-4.0385,5.7806,9.971],"rotation":[0,0,0],"scale":[1,1,1]},{"name":"RightNostril","position":[-1.4232,4.8357,11.8063],"rotation":[0,0,0],"scale":[1,1,1]},{"name":"RightLipUpper","position":[-1.1096,2.4169,12.4194],"rotation":[0,0,0],"scale":[1,1,1]},{"name":"LeftShoulder","position":[6.1442,15.3316,-3.7932],"rotation":[0,0,0],"scale":[1,1,1]},{"name":"LeftArm","position":[9.0191,-1.1141,-1.7935],"rotation":[0,0,0],"scale":[1,1,1]},{"name":"LeftForeArm","position":[27.687,0,0],"rotation":[0,0,0],"scale":[1,1,1]},{"name":"LeftHand","position":[27.8738,0,0],"rotation":[0,0,0],"scale":[1,1,1]},{"name":"LeftHandThumb1","position":[2.2978,-0.8538,2.339],"rotation":[0,0,0],"scale":[1,1,1]},{"name":"LeftHandThumb2","position":[3.0197,-1.0488,2.722],"rotation":[0,0,0],"scale":[1,1,1]},{"name":"LeftHandThumb3","position":[2.5808,-0.4174,1.5846],"rotation":[0,0,0],"scale":[1,1,1]},{"name":"LeftHandThumb4","position":[3.1521,-0.4748,2.58],"rotation":[32.1324,20.0607,-141.421],"scale":[1,1,1]},{"name":"LeftHandMiddle1","position":[9.3039,0.6564,0.9102],"rotation":[0,0,0],"scale":[1,1,1]},{"name":"LeftHandMiddle2","position":[3.6477,-0.043,0.0597],"rotation":[0,0,0],"scale":[1,1,1]},{"name":"LeftHandMiddle3","position":[2.8678,-0.2064,0.0051],"rotation":[0,0,0],"scale":[1,1,1]},{"name":"LeftHandMiddle4","position":[1.9995,0.1698,-0.0058],"rotation":[0,-0,-152.219],"scale":[1,1,1]},{"name":"LeftHandIndex1","position":[9.1922,0.4478,2.808],"rotation":[0,0,0],"scale":[1,1,1]},{"name":"LeftHandIndex2","position":[3.4078,0,0.0477],"rotation":[0,0,0],"scale":[1,1,1]},{"name":"LeftHandIndex3","position":[2.6226,-0.1245,0],"rotation":[0,0,0],"scale":[1,1,1]},{"name":"LeftHandIndex4","position":[1.9372,0.2616,0.0072],"rotation":[0,-0,-152.219],"scale":[1,1,1]},{"name":"LeftHandRing1","position":[9.0625,0.5412,-0.892],"rotation":[0,0,0],"scale":[1,1,1]},{"name":"LeftHandRing2","position":[4.4741,-0.1816,-0.0137],"rotation":[0,0,0],"scale":[1,1,1]},{"name":"LeftHandRing3","position":[2.7446,-0.1231,-0.0264],"rotation":[0,0,0],"scale":[1,1,1]},{"name":"LeftHandRing4","position":[2.0833,0.063,-0.02],"rotation":[0,-0,-152.219],"scale":[1,1,1]},{"name":"LeftHandPinky1","position":[8.8323,-0.1077,-2.6872],"rotation":[0,0,0],"scale":[1,1,1]},{"name":"LeftHandPinky2","position":[2.8235,-0.0696,0.0156],"rotation":[0,0,0],"scale":[1,1,1]},{"name":"LeftHandPinky3","position":[2.4846,-0.0585,0.0215],"rotation":[0,0,0],"scale":[1,1,1]},{"name":"LeftHandPinky4","position":[1.7283,0.1811,-0.0111],"rotation":[0,-0,-152.219],"scale":[1,1,1]},{"name":"RightShoulder","position":[-6.1442,15.3316,-3.7932],"rotation":[0,0,0],"scale":[1,1,1]},{"name":"RightArm","position":[-9.0188,-1.1141,-1.7935],"rotation":[0,0,0],"scale":[1,1,1]},{"name":"RightForeArm","position":[-27.0381,0.0011,0],"rotation":[0,0,0],"scale":[1,1,1]},{"name":"RightHand","position":[-28.5227,0,0],"rotation":[0,0,0],"scale":[1,1,1]},{"name":"RightHandThumb1","position":[-2.298,-0.8549,2.339],"rotation":[0,0,0],"scale":[1,1,1]},{"name":"RightHandThumb2","position":[-3.0197,-1.0488,2.722],"rotation":[0,0,0],"scale":[1,1,1]},{"name":"RightHandThumb3","position":[-2.5808,-0.4174,1.5846],"rotation":[0,0,0],"scale":[1,1,1]},{"name":"RightHandThumb4","position":[-2.9961,-0.4902,2.5459],"rotation":[0,0,0],"scale":[1,1,1]},{"name":"RightHandIndex1","position":[-9.1925,0.4467,2.808],"rotation":[0,0,0],"scale":[1,1,1]},{"name":"RightHandIndex2","position":[-3.4078,0,0.0477],"rotation":[0,0,0],"scale":[1,1,1]},{"name":"RightHandIndex3","position":[-2.6226,-0.1245,0],"rotation":[0,0,0],"scale":[1,1,1]},{"name":"RightHandIndex4","position":[-1.904,0.1364,0.0405],"rotation":[0,0,0],"scale":[1,1,1]},{"name":"RightHandMiddle1","position":[-9.3042,0.6553,0.9102],"rotation":[0,0,0],"scale":[1,1,1]},{"name":"RightHandMiddle2","position":[-3.6477,-0.043,0.0597],"rotation":[0,0,0],"scale":[1,1,1]},{"name":"RightHandMiddle3","position":[-2.8678,-0.2064,0.0051],"rotation":[0,0,0],"scale":[1,1,1]},{"name":"RightHandMiddle4","position":[-1.7114,0.0446,0.1523],"rotation":[0,0,0],"scale":[1,1,1]},{"name":"RightHandRing1","position":[-9.0627,0.5401,-0.892],"rotation":[0,0,0],"scale":[1,1,1]},{"name":"RightHandRing2","position":[-4.4741,-0.1816,-0.0137],"rotation":[0,0,0],"scale":[1,1,1]},{"name":"RightHandRing3","position":[-2.7446,-0.1231,-0.0264],"rotation":[0,0,0],"scale":[1,1,1]},{"name":"RightHandRing4","position":[-2.1591,0.0969,0.2298],"rotation":[0,0,0],"scale":[1,1,1]},{"name":"RightHandPinky1","position":[-8.8325,-0.1088,-2.6872],"rotation":[0,0,0],"scale":[1,1,1]},{"name":"RightHandPinky2","position":[-2.8235,-0.0696,0.0156],"rotation":[0,0,0],"scale":[1,1,1]},{"name":"RightHandPinky3","position":[-2.4846,-0.0585,0.0215],"rotation":[0,0,0],"scale":[1,1,1]},{"name":"RightHandPinky4","position":[-2.0825,0.5378,0.1945],"rotation":[0,0,0],"scale":[1,1,1]}],"parents":[-1,0,1,2,3,4,5,1,7,8,9,10,1,12,13,14,15,16,17,18,18,18,18,22,22,22,22,22,22,22,18,18,18,18,18,18,18,18,18,18,18,18,18,18,16,44,45,46,47,48,49,50,47,52,53,54,47,56,57,58,47,60,61,62,47,64,65,66,16,68,69,70,71,72,73,74,71,76,77,78,71,80,81,82,71,84,85,86,71,88,89,90],"skins":[],"vertices":[],"meshes":[],"meshInstances":[]}}